[
    {
    "id":1,
    "name":"RamDas",
    "date":"Thu Aug 18 2018 ",
    "medicine":["Hand Sanitizer, ropinirole, Therapeutic, KETOROLAC TROMETHAMINE"],
    "quantity":"4",
    "amount": 1800,
    "email":"RamDas@gmail.com"
    },{
    "id":2,
    "name":"RamDas",
    "date":"Wed Oct 14 2020 12:20:20 GMT+0530 (India Standard Time)",
    "medicine":["Valganciclovirmedicine , Vitafol, Velphoro, Reclast"],
    "quantity":"4",
    "amount": 1000,
    "email":"RamDas@gmail.com"
    },{
    "id":3,
    "name":"RamDas",
    "date":"Wed Oct 14 2018 11:15:10 GMT+0530 (India Standard Time)",
    "medicine":["Reclast, Valsartan Capsules"],
    "quantity":"3",
    "amount": 1200,
    "email":"RamDas@gmail.com"
    },{
    "id":4,
    "name":"Rishika",
    "date":"Tue Aug 13 2020 10:05:36 GMT+0530 (India Standard Time)",
    "medicine":["Refresh Tears, ropinirole, Therapeutic, Roxicet"],
    "quantity":"4",
    "amount": 4100,
    "email":"Rishika@gmail.com"
    },{
    "id":5,
    "name":"Sneha",
    "date":"Tue Aug 13 2020 09:20:22 GMT+0530 (India Standard Time)",
    "medicine":["Raspberry"],
    "quantity":"1",
    "amount": 1250,
    "email":"sneha@gmail.com"
    },{
    "id":6,
    "name":"Gowtham",
    "date":"Wed Oct 8 2020 13:35:02 GMT+0530 (India Standard Time)",
    "medicine":["Rythmol, ropinirole, Therapeutic, Ketoconazole"],
    "quantity":"4",
    "amount": 1500,
    "email":"prachi@gmail.com"
    },{
    "id":7,
    "name":"Nikitha",
    "date":"Tue Oct 13 2018 8:20:06 GMT+0530 (India Standard Time)",
    "medicine":["Hand Sanitizer, ropinirole, Therapeutic, Reclast"],
    "quantity":"4",
    "amount": 1500,
    "email":"Nikitha@gmail.com"
    },{
    "id":8,
    "name":"Nikitha",
    "date":"Mon Aug 20 2020 12:05:16 GMT+0530 (India Standard Time)",
    "medicine":["Chlorpromazine: 100 mg","Dexamethasone: 1 mg"],
    "quantity":"4",
    "amount": 1300,
    "email":"Nikitha@gmail.com"
    },{
    "id":9,
    "name":"Suresh",
    "date":"Mon Aug 12 2020 10:45:06 GMT+0530 (India Standard Time)",
    "medicine":["Diosmin","Doxycline"],
    "quantity":"4",
    "amount": 1450,
    "email":"Suresh@gmail.com"
    },{
    "id":10,
    "name":"Nikitha",
    "date":"Mon Aug 12 2018 10:15:09 GMT+0530 (India Standard Time)",
    "medicine":["Calcium Pantothenate","Erythromycin"],
    "quantity":"8",
    "amount": 1480,
    "email":"Nikitha@gmail.com"
    },{
    "id":11,
    "name":"RamDas",
    "date":"Tue Oct 13 2020 9:05:36 GMT+0530 (India Standard Time)",
    "medicine":["Tetracycline","Calcium Pantothenate","Erythromycin","Captopril"],
    "quantity":"2",
    "amount": 1400,
    "email":"RamDas@gmail.com"
    },{
    "id":12,
    "name":"Raman",
    "date":"Tue Oct 30 2018 10:20:06 GMT+0530 (India Standard Time)",
    "medicine":["Ciprofloxacin","Aspirin"],
    "quantity":"2",
    "amount": 190,
    "email":"raman@gmail.com"
    },{
    "id":13,
    "name":"Ram Das",
    "date":"Wed Oct 14 2020 12:35:02 GMT+0530 (India Standard Time)",
    "medicine":["Cefazolin","Chloroquine Phosphate","Calcium Pantothenate","Erythromycin"],
    "quantity":"4",
    "amount": 800,
    "email":"Ram Das@gmail.com"
    },{
    "id":14,
    "name":"Seeta",
    "date":"Mon Aug 12 2020 8:15:16 GMT+0530 (India Standard Time)",
    "medicine":["Chlorpromazine","Dexamethasone","Calcium Pantothenate","Erythromycin"],
    "quantity":"4",
    "amount": 800,
    "email":"Seeta@gmail.com"
    },{
    "id":15,
    "name":"Gowtham",
    "date":"Mon Oct 11 2020 9:25:56 GMT+0530 (India Standard Time)",
    "medicine":["Chlorpromazine","Calcium Pantothenate","Erythromycin","Dexamethasone"],
    "quantity":"4",
    "amount": 4850,
    "email":"prachi@gmail.com"
    },{
    "id":16,
    "name":"Chandra",
    "date":"Mon Oct 12 2018 9:25:56 GMT+0530 (India Standard Time)",
    "medicine":["Diosmin","Doxycline"],
    "quantity":"4",
    "amount": 4950,
    "email":"Chandra@gmail.com"
    },{
    "id":17,
    "name":"Chandra",	
    "date":"Mon Oct 19 2018 9:25:56 GMT+0530 (India Standard Time)",
    "medicine":["Diosmin","Doxycline"],
    "quantity":"4",
    "amount": 4500,
    "email":"Chandra@gmail.com"
    },{
    "id":18,
    "name":"Gowtham",
    "date":"Mon Aug 20 2018 9:25:56 GMT+0530 (India Standard Time)",
    "medicine":["Diosmin","Doxycline,Chlorpromazine","Dexamethasone"],
    "quantity":"4",
    "amount": 1450,
    "email":"Gowtham@gmail.com"
    }
    ]