[
    {
    "name":"RamDas",
    "email":"RamDas@gmail.com",
    "password":"RamDas"
    },{
    "name":"Raman",
    "email":"raman@gmail.com",
    "password":"raman@123"
    },{
    "name":"Abhishek",
    "email":"abhishek@gmail.com",
    "password":"abhishek@123"
    },{
    "name":"Rishika",
    "email":"Rishika@gmail.com",
    "password":"Rishika"
    },{
    "name":"Seeta",
    "email":"Seeta@gmail.com",
    "password":"Seeta"
    },{
    "name":"Gowtham",
    "email":"Gowtham@gmail.com",
    "password":"Gowtham@123"
    },{
    "name":"Rishabh",
    "email":"rishabh@gmail.com",
    "password":"rishabh@123"
    },{
    "name":"Deepak",
    "email":"deepak@gmail.com",
    "password":"deepak@123"
    },{
    "name":"Suresh",
    "email":"Suresh@gmail.com",
    "password":"Suresh"
    },{
    "name":"Nikitha",
    "email":"Nikitha@gmail.com",
    "password":"Nikitha"
    },{
    "name":"Chandra",
    "email":"Chandra@gmail.com",
    "password":"Chandra"
    },{
    "name":"Admin",
    "email":"admin@gmail.com",
    "password":"."
    },
    {
    "name":"Ajay",
    "email":"theajaykumargupta455@gmail.com",
    "password":"ajay@123"
    },
    {
        "name":"Kesava",
        "email":"vkk.285@gmail.com",
        "password":"kesava"
    }
    ]