[
    {
        "id":1,
        "name":"Ram Das",
        "date":"10/8/2020",
        "list":"Hand Sanitizer, ropinirole, Therapeutic, Valsartan Capsules",
        "quantity":"4",
        "total":"1800 "
    },
    {
        "id":2,
        "name":"Seeta",
        "date":"11/8/2020",
        "list":"Valganciclovirmedicine , Vitafol, Velphoro, Reclast",
        "quantity":"4",
        "total":"1900 "
    },
    {
        "id":3,
        "name":"Chandra",
        "date":"9/9/2016",
        "list":"Reclast, Valsartan Capsules",
        "quantity":"2",
        "total":"900 "
    },
    {
        "id":4,
        "name":"Rishika",
        "date":"7/8/2018",
        "list":"Refresh Tears, ropinirole, Therapeutic, Roxicet",
        "quantity":"4",
        "total":"180 "
    },
    {
        "id":5,
        "name":"Nikitha",
        "date":"8/9/2012",
        "list":"Raspberry",
        "quantity":"1",
        "total":"100 "
    },
    {
        "id":6,
        "name":"Gowtham",
        "date":"9/9/2019",
        "list":"Rythmol, ropinirole, Therapeutic, Ketoconazole",
        "quantity":"4",
        "total":"180 "
    },
    {
        "id":7,
        "name":"Teja",
        "date":"7/6/2017",
        "list":"Hand Sanitizer, ropinirole, Therapeutic, Reclast",
        "quantity":"4",
        "total":"1700 "
    },
    {
        "id":8,
        "name":"Suresh",
        "date":"8/9/2018",
        "list":"ropinirole, Therapeutic, Refresh Tears, KETOROLAC TROMETHAMINE",
        "quantity":"4",
        "total":"1900 "
    }
]





















