[
    {
    "id":1,
    "name":"Cinemax",
    "location":"Hyderabad",
    "movies":["1","4"]
    },

    {
        "id":2,
        "name":"GVK",
        "location":"Coimbatore",
        "movies":["2","3","5"]
    },

    {
        "id":3,
        "name":"PVR",
        "location":"Chennai",
        "movies":["1","5"]
    },

    {
        "id":4,
        "name":"AMB Cinemas",
        "location":"Kolkota",
        "movies":["3","4","5"]
    },

    {
        "id":5,
        "name":"INOX",   
        "location":"Bangalore",
        "movies":["1","2","3"]
    },

    {
        "id":6,
        "name":"Asian",
        "location":"Hyderabad",
        "movies":["1","5","3"]
    }

    


]