[
    {
    "id":1,
    "name":"Chandra",
    "arrival":"Hyderabad",
    "departure":"Kolkota"
    },
    {
    "id":2,
    "name":"Chetan",
    "arrival":"Kolkota",
    "departure":"Hyderabad"
    },
    {
    "id":3,
    "name":"Yashwanth",
    "arrival":"Chennai",
    "departure":"Kolkota"
    },
    {
    "id":4,
    "name":"Teja",
    "arrival":"Delhi",
    "departure":"Chennai"
    },
    {
    "id":5,
    "name":"Prashanth",
    "arrival":"Hyderabad",
    "departure":"Coimbatore"
    },
    {
    "id":6,
    "name":"Sreeja",
    "arrival":"Chennai",
    "departure":"Delhi"
    },
    {
    "id":7,
    "name":"Rishika",
    "arrival":"Banglore",
    "departure":"Chennai"
    },
    {
    "id":8,
    "name":"Suresh",
    "arrival":"Hyderabad",
    "departure":"Delhi"
    }
]