[
    {
        "id":1,
        "name":"Underworld Blood Wars",
        "theme":"Fiction",
        "rating":"4.5",
         "photo": "https://yourpng.com/public/uploads/preview/underworld-movie-poster-editing-background-full-hd-photoshop-picsart-11591514472af2gd82gak.jpg"
    },
    {
        "id":2,
        "name":"Daywatch",
        "theme":"Science",
        "rating":"5.0",
        "photo":"https://cloud.netlifyusercontent.com/assets/344dbf88-fdf9-42bb-adb4-46f01eedd629/2cd5b7a5-a8f9-4be8-afbd-281cc56cdf44/day.jpg"
    },
    {
        "id":3,
        "name":"Warriors",
        "theme":"Action",
        "rating":"4.5",
        "photo":"https://yourpng.com/public/uploads/preview/movie-poster-background-full-hd-11591514025k5qlepyipm.png"
    },
    {
        "id":4,
        "name":"Resident Evil",
        "theme":"Patriotic",
        "rating":"5.0",
        "photo":"https://lh3.googleusercontent.com/proxy/EA4ZzWkwglsC7zvtTVqkZvJKl9hFOxxVIsl1-pfKOnRyJZi3_rWQ5Tgo2WpWNuetBYxxOj_PPIvOMbj0HLr00koHa35aXfj2dysMEH-HU808_xCiareFyaWRKF3uwudBDQV12KPjkjLjQg_u"
    },
    {
        "id":5,
        "name":"The Magic",
        "theme":"Fiction",
        "rating":"4.8",
        "photo":"https://3.bp.blogspot.com/-r5A28Y4lrP8/WyEJ9mJZWTI/AAAAAAAAAvM/R5AWHdw25SIFbLyU8ntqL2YrSqBKQhrTACLcBGAs/s1600/MS_BG_0020.jpg"
    },
    {
        "id":6,
        "name":"Marvel's Avengers",
        "theme":"Fiction",
        "rating":"4.8",
        "photo":"https://encrypted-tbn0.gstatic.com/images?q=tbn%3AANd9GcQ-84IHQ4mG2E6TyDVJEBMdsDDMN1yVzrf0VQ&usqp=CAU"
    }
]